,model,test_mse_mean,test_rmse_mean,test_r2_score_mean,test_explained_variance_mean,process_time_mean_mean,process_time_std_mean,process_time_max_mean,process_time_min_mean,real_time_mean_mean,real_time_std_mean,real_time_max_mean,real_time_min_mean
0,randomforest,18.26821650482005,4.2741334215043,0.413220048224066,0.4134742611210626,18.2521299,19.496756884955673,62.59294399999999,0.4889049999999315,6.566833710670471,4.7851168329556035,16.21532964706421,0.533292055130004
1,elasticnet,13.84347556322052,3.720682136815845,0.5553438989922965,0.55550988792412,99.67732409999999,197.0200091585297,603.556936,4.014103999999861,11.483399486541748,22.69103270836427,69.064120054245,0.423321962356567
2,xgboost,13.291669613947414,3.6457742132429725,0.5730680522077304,0.573071947178523,44.39879670000003,30.932743135844433,84.19832399999996,3.108457000000044,18.313359427452088,12.938655256242185,35.21398186683655,1.117578983306884
3,linearregression,12.626407011746442,3.5533655893738887,0.594436463159879,0.594526104918146,60.33568349999996,118.07933249412284,380.6403560000001,4.292816999999786,7.627487397193908,14.654117314742354,46.88106608390808,0.463413000106811
